ppt,sensor,unit,stimulus,mean,std,median,mean_baseline,std_baseline,threshold,concept_cell
1,0,4,Aldi,2.0,1.4142135623730951,2.0,0.17333333333333334,0.4129454791916705,1.976794234450864,1
1,5,3,Danny Dyer,5.5,3.0166206257996713,5.5,0.56,0.8298768897697497,4.184329600048944,1
1,5,8,Michael Jackson,2.8333333333333335,2.48327740429189,3.5,0.3,0.6465757501398397,3.1237967086369287,1
3,5,3,Sydney Opera House,3.8333333333333335,2.6394443859772205,4.0,0.5566666666666666,0.784542698886945,3.983007803684177,1
